{"model":{"version":3,"nodes":[{"name":"RootNode","position":[0,0,0],"rotation":[0,0,0],"scale":[0.001,0.001,0.001],"scaleCompensation":false},{"name":"Shape005","position":[1590.39,1488.09,-2.22045e-13],"rotation":[-90,-0,0],"scale":[1,1,1],"scaleCompensation":false}],"parents":[-1,0],"skins":[],"morphs":[],"vertices":[{"position":{"type":"float32","components":3,"data":[23.1655,-613.828,-64.927,5.48999,-596.127,-17.3148,-11.4507,-603.533,-25.231,35.0151,-606.256,-58.1766,-7.66797,-583.471,7.16797,-26.8621,-588.695,3.43616,-12.3018,-565.96,32.5923,-32.3342,-567.956,33.2104,-30.7073,-548.387,50.0052,-10.8516,-548.669,47.5612,-27.7434,-521.295,64.0333,-7.90845,-521.86,61.5189,-26.8853,-484.944,65.3665,-7.04321,-485.25,62.876,47.3093,-485.25,50.3943,53.2627,-496.595,49.0372,23.1655,613.828,-64.927,5.48999,596.127,-17.3148,35.0151,606.256,-58.1766,-11.4507,603.533,-25.231,-7.66797,583.471,7.16797,-26.8621,588.695,3.43616,-12.3018,565.96,32.5923,-32.3342,567.956,33.2104,-30.7073,548.387,50.0052,-10.8516,548.669,47.5612,-27.7434,521.295,64.0333,-7.90845,521.86,61.5189,-26.8853,484.944,65.3665,-7.04321,485.25,62.876,47.3093,485.25,50.3943,53.2627,496.595,49.0372]},"normal":{"type":"float32","components":3,"data":[0.243742,-0.876012,0.416165,0.188458,-0.865146,0.464765,0.187065,-0.864813,0.465945,0.243742,-0.876012,0.416165,0.117721,-0.829864,0.545405,0.117725,-0.829869,0.545397,0.0949633,-0.736515,0.669722,0.0949662,-0.736542,0.669692,0.0933891,-0.564439,0.820175,0.093389,-0.564441,0.820174,0.114829,-0.26002,0.958751,0.144386,-0.197511,0.969609,0.124197,-0.0394901,0.991471,0.171467,-0.0358136,0.984539,0.217807,-0.0320986,0.975464,0.217807,-0.0320986,0.975464,0.243742,0.876012,0.416165,0.188458,0.865146,0.464765,0.243742,0.876012,0.416165,0.187065,0.864813,0.465945,0.117721,0.829864,0.545405,0.117725,0.829869,0.545397,0.0949633,0.736515,0.669722,0.0949662,0.736542,0.669692,0.0933891,0.564439,0.820175,0.093389,0.564441,0.820174,0.114829,0.26002,0.958751,0.144386,0.197511,0.969609,0.124197,0.0394901,0.991471,0.171467,0.0358136,0.984539,0.217807,0.0320986,0.975464,0.217807,0.0320986,0.975464]}}],"meshes":[{"aabb":{"min":[-32.3342,-613.828,-64.927],"max":[53.2627,613.828,65.3665]},"vertices":0,"indices":[0,1,2,1,0,3,2,4,5,4,2,1,5,6,7,6,5,4,8,6,9,6,8,7,10,9,11,9,10,8,12,11,13,11,12,10,11,14,13,14,11,15,16,17,18,17,16,19,19,20,17,20,19,21,22,21,23,21,22,20,23,24,22,22,24,25,24,26,25,25,26,27,28,27,26,27,28,29,27,30,31,30,27,29],"type":"triangles","base":0,"count":84}],"meshInstances":[{"node":1,"mesh":0}]}}