{"model":{"version":3,"nodes":[{"name":"RootNode","position":[0,0,0],"rotation":[0,0,0],"scale":[0.01,0.01,0.01],"scaleCompensation":false},{"name":"Light","position":[407.625,590.386,-100.545],"rotation":[47.5336,107.221,10.7437],"scale":[100,100,100],"scaleCompensation":false},{"name":"Camera","position":[735.889,495.831,692.579],"rotation":[22.7688,142.108,34.3485],"scale":[100,100,100],"scaleCompensation":false},{"name":"n2","position":[0.424361,-1.76746,0],"rotation":[1.61649e-05,-0,0],"scale":[100,100,100],"scaleCompensation":false}],"parents":[-1,0,0,0],"skins":[],"morphs":[],"vertices":[{"position":{"type":"float32","components":3,"data":[2.15434,0.915501,0.201,2.15434,0.915501,-0.049,2.12766,1.0325,-0.049,2.12766,1.0325,0.201,2.15434,0.915501,0.049,2.15434,0.915501,-0.201,2.12766,1.0325,-0.201,2.12766,1.0325,0.049]},"normal":{"type":"float32","components":3,"data":[0.974987,0.222263,0,0.974986,0.222266,0,0.974986,0.222265,0,0.974987,0.222262,0,0.974987,0.222263,0,0.974986,0.222266,0,0.974986,0.222265,0,0.974987,0.222262,0]},"texCoord0":{"type":"float32","components":2,"data":[0,0,1,0,1,1,0,1,0,0,1,0,1,1,0,1]}}],"meshes":[{"aabb":{"min":[2.12766,0.915501,-0.201],"max":[2.15434,1.0325,0.201]},"vertices":0,"indices":[0,1,2,2,3,0,4,5,6,6,7,4],"type":"triangles","base":0,"count":12}],"meshInstances":[{"node":3,"mesh":0}]}}