{"model":{"version":3,"nodes":[{"name":"RootNode","position":[0,0,0],"rotation":[0,0,0],"scale":[0.001,0.001,0.001],"scaleCompensation":false},{"name":"rio_sunroof","position":[414.148,1413.09,-7.62939e-05],"rotation":[-90,0,0],"scale":[10,10,10],"scaleCompensation":false}],"parents":[-1,0],"skins":[],"morphs":[],"vertices":[{"position":{"type":"float32","components":3,"data":[-48.4561,-42.0771,1.00974,-50.2031,-41.4865,1.14251,-50.1977,-41.7908,0.877613,-43.157,-41.8317,1.7091,-36.0675,-42.1767,1.88621,-36.0714,-41.8866,2.15082,-43.151,-42.1217,1.44507,-46.6956,-41.8042,1.42908,-46.6886,-42.0943,1.16541,-48.4635,-41.7866,1.27327,-17.8695,-8.52432,4.9399,-11.7018,-8.43466,4.96777,-23.9599,-1.90735e-06,4.92529,-36.33,-11.4238,4.30816,-36.3503,-1.90735e-06,4.46714,-11.7018,-1.90735e-06,5.05042,-22.684,-41.9904,2.63151,-36.1761,-33.2146,3.06227,-36.0714,-41.8866,2.15082,-11.7018,-33.7001,3.63968,-12.3601,-38.048,3.21069,-11.8774,-36.6506,3.35686,-13.1294,-39.3113,3.07026,-14.1503,-40.3832,2.94296,-15.3775,-41.214,2.83615,-16.7547,-41.7651,2.75632,-18.2194,-42.0101,2.70854,-24.1268,-33.4465,3.50747,-24.1752,-29.2412,3.85596,-36.2705,-22.5839,3.83568,-24.1678,-23.9457,4.2177,-11.7018,-25.2897,4.2816,-24.2018,-19.7025,4.44846,-24.197,-14.1745,4.67821,-11.7018,-16.8659,4.71571,-46.6956,-41.8042,1.42908,-50.2031,-41.4865,1.14251,-48.4635,-41.7866,1.27327,-36.1761,-33.2146,3.06227,-43.157,-41.8317,1.7091,-50.5412,-10.9161,3.25099,-50.5657,-1.90735e-06,3.39782,-36.33,-11.4238,4.30816,-50.469,-21.6162,2.81549,-36.2705,-22.5839,3.83568,-50.3535,-31.8813,2.10556,-55.6647,-8.54187,2.73989,-55.7018,-1.90735e-06,2.82729,-50.3535,-31.8813,2.10556,-52.3214,-40.4056,1.0498,-50.2031,-41.4865,1.14251,-53.9507,-38.6712,1.06174,-54.8947,-36.4896,1.17883,-55.1175,-34.1221,1.38069,-55.3743,-25.608,2.02689,-55.556,-17.0795,2.47535,-22.684,-41.9904,2.63151,-18.0882,-42.292,2.44592,-18.2194,-42.0101,2.70854,-27.0804,-42.2463,2.25243,-22.5844,-42.2812,2.36833,-11.7018,-33.7001,3.63968,-11.4192,-35.4324,3.24852,-11.4118,-33.9399,3.38877,-16.7547,-41.7651,2.75632,-16.6162,-42.0274,2.49614,-15.2318,-41.465,2.57769,-15.3775,-41.214,2.83615,-14.1503,-40.3832,2.94296,-13.9941,-40.6307,2.68555,-13.1294,-39.3113,3.07026,-12.9558,-39.5606,2.81355,-12.1603,-38.3009,2.95468,-12.3601,-38.048,3.21069,-11.8774,-36.6506,3.35686,-11.641,-36.9051,3.10191,-11.7018,-8.43466,4.96777,-11.4118,-1.90735e-06,4.82075,-11.7018,-1.90735e-06,5.05042,-11.4118,-33.9399,3.38877,-11.7018,-25.2897,4.2816,-11.4118,-16.9861,4.48131,-11.7018,-16.8659,4.71571,-55.9918,-1.90735e-06,2.56266,-55.6647,-8.54187,2.73989,-55.7018,-1.90735e-06,2.82729,-55.3743,-25.608,2.02689,-55.3949,-34.4831,1.08454,-55.1175,-34.1221,1.38069,-55.8429,-17.2606,2.20322,-55.556,-17.0795,2.47535,-55.0952,-36.8655,0.88789,-55.3949,-34.4831,1.08454,-52.3214,-40.4056,1.0498,-50.1977,-41.7908,0.877613,-50.2031,-41.4865,1.14251,-52.3585,-40.7377,0.778522,-53.9507,-38.6712,1.06174,-54.0556,-39.0326,0.781406,-54.8947,-36.4896,1.17883,-50.2031,41.4865,1.14251,-48.4561,42.0771,1.00974,-50.1977,41.7908,0.877613,-36.0675,42.1767,1.88621,-43.157,41.8317,1.7091,-36.0714,41.8866,2.15082,-43.151,42.1217,1.44507,-46.6956,41.8042,1.42908,-46.6886,42.0943,1.16541,-48.4635,41.7866,1.27327,-11.7018,8.43466,4.96777,-17.8695,8.52432,4.9399,-36.33,11.4238,4.30816,-36.1761,33.2146,3.06227,-22.684,41.9904,2.63151,-36.0714,41.8866,2.15082,-12.3601,38.048,3.21069,-11.7018,33.7001,3.63968,-11.8774,36.6506,3.35686,-13.1294,39.3113,3.07026,-14.1503,40.3832,2.94296,-15.3775,41.214,2.83615,-16.7547,41.7651,2.75632,-18.2194,42.0101,2.70854,-24.1268,33.4465,3.50747,-24.1752,29.2412,3.85596,-36.2705,22.5839,3.83568,-24.1678,23.9457,4.2177,-24.2018,19.7025,4.44846,-11.7018,25.2897,4.2816,-24.197,14.1745,4.67821,-11.7018,16.8659,4.71571,-50.2031,41.4865,1.14251,-46.6956,41.8042,1.42908,-48.4635,41.7866,1.27327,-43.157,41.8317,1.7091,-36.1761,33.2146,3.06227,-50.5412,10.9161,3.25099,-36.33,11.4238,4.30816,-50.469,21.6162,2.81549,-50.3535,31.8813,2.10556,-55.6647,8.54187,2.73989,-52.3214,40.4056,1.0498,-50.3535,31.8813,2.10556,-53.9507,38.6713,1.06174,-54.8947,36.4896,1.17883,-55.1175,34.1221,1.38069,-55.3743,25.608,2.02689,-55.556,17.0795,2.47535,-18.0882,42.292,2.44592,-22.684,41.9904,2.63151,-18.2194,42.0101,2.70854,-27.0804,42.2463,2.25243,-22.5844,42.2812,2.36833,-11.4192,35.4324,3.24852,-11.7018,33.7001,3.63968,-11.4118,33.9399,3.38877,-16.7547,41.7651,2.75632,-16.6162,42.0274,2.49614,-15.2318,41.465,2.57769,-15.3775,41.214,2.83615,-14.1503,40.3832,2.94296,-13.9941,40.6307,2.68555,-13.1294,39.3113,3.07026,-12.9558,39.5606,2.81355,-12.1603,38.3009,2.95468,-12.3601,38.048,3.21069,-11.8774,36.6506,3.35686,-11.641,36.9051,3.10191,-11.7018,8.43466,4.96777,-11.7018,25.2897,4.2816,-11.4118,33.9399,3.38877,-11.4118,16.9861,4.48131,-11.7018,16.8659,4.71571,-55.6647,8.54187,2.73989,-55.9918,-1.90735e-06,2.56266,-55.7018,-1.90735e-06,2.82729,-55.3949,34.4831,1.08454,-55.3743,25.608,2.02689,-55.1175,34.1221,1.38069,-55.8429,17.2606,2.20322,-55.556,17.0795,2.47535,-55.1175,34.1221,1.38069,-55.0952,36.8655,0.88789,-55.3949,34.4831,1.08454,-50.1977,41.7908,0.877613,-52.3214,40.4056,1.0498,-52.3585,40.7377,0.778522,-53.9507,38.6713,1.06174,-54.0556,39.0326,0.781406,-54.8947,36.4896,1.17883]},"normal":{"type":"float32","components":3,