{"model":{"version":3,"nodes":[{"name":"RootNode","position":[0,0,0],"rotation":[0,0,0],"scale":[0.01,0.01,0.01],"scaleCompensation":false},{"name":"shadow","position":[118.358,-3.59429,1.10062e-06],"rotation":[-90,0,0],"scale":[2.54,2.5667,2.54],"scaleCompensation":false}],"parents":[-1,0],"skins":[],"morphs":[],"vertices":[{"position":{"type":"float32","components":3,"data":[-131.173,-61.4356,0,131.173,-61.4356,0,131.173,61.4356,0,-131.173,61.4356,0]},"normal":{"type":"float32","components":3,"data":[0,0,1,0,0,1,0,0,1,0,0,1]},"texCoord0":{"type":"float32","components":2,"data":[0.000499487,0.000500143,0.9995,0.000499606,0.999501,0.9995,0.000499606,0.9995]}}],"meshes":[{"aabb":{"min":[-131.173,-61.4356,0],"max":[131.173,61.4356,0]},"vertices":0,"indices":[0,1,2,2,3,0],"type":"triangles","base":0,"count":6}],"meshInstances":[{"node":1,"mesh":0}]}}